Buding,Order
QB18,QB18-3
QB14,QB14-2
QB25,QB25-1
QB26,QB26-5
QB08,QB08-6
QB22,QB22-2
QB13,QB13-4
QB15,QB15-3
QB07,QB07-3
QB18,QB18-4
QB02,QB02-2
QB05,QB05-4
QB06,QB06-4
QB01,QB01-5
QB12,QB12-2
QB24,QB24-4
QB14,QB14-1
QB04,QB04-3
QB05,QB05-5
QB06,QB06-5
QB15,QB15-5
QB22,QB22-4
QB21,QB21-1
QB20,QB20-2
QB05,QB05-2
QB09,QB09-5
QB16,QB16-3
QB18,QB18-6
QB04,QB04-4
QB20,QB20-3
QB08,QB08-1
QB14,QB14-4
QB11,QB11-6
QB17,QB17-6
QB06,QB06-3
QB17,QB17-3
QB20,QB20-5
QB02,QB02-5
QB12,QB12-1
QB03,QB03-6
QB11,QB11-2
QB16,QB16-1
QB19,QB19-5
QS25,QS25-4
QB01,QB01-6
QB19,QB19-6
QB03,QB03-5
QB02,QB02-4
QB18,QB18-5
QB18,QB18-1
QB25,QB25-5
QB14,QB14-3
QB11,QB11-4
QB17,QB17-1
QB08,QB08-4
QB08,QB08-2
QB10,QB10-1
QB07,QB07-6
QB11,QB11-5
QB04,QB04-2
QB09,QB09-4
QB07,QB07-4
QB15,QB15-4
QB22,QB22-6
QB24,QB24-6
QB10,QB10-2
QB01,QB01-3
QB03,QB03-4
QB17,QB17-2
QB07,QB07-1
QB26,QB26-4
QB22,QB22-3
QB01,QB01-1
QB12,QB12-3
QB24,QB24-5
QB26,QB26-3
QB21,QB21-6
QB19,QB19-1
QB24,QB24-1
QB13,QB13-1
QB11,QB11-3
QS25,QS25-6
QB03,QB03-2
QS25,QS25-1
QB12,QB12-4
QB08,QB08-3
QB10,QB10-4
QB21,QB21-4
QS25,QS25-3
QB19,QB19-2
QB09,QB09-6
QB26,QB26-6
QB17,QB17-5
QB21,QB21-3
QB01,QB01-2
QB13,QB13-3
QB15,QB15-2
QB04,QB04-1
QS25,QS25-2
QB12,QB12-6
QB11,QB11-1
QB05,QB05-3
QB04,QB04-5
QB09,QB09-3
QS24,QS24-1
QB22,QB22-5
QB03,QB03-3
QB07,QB07-2
QB14,QB14-5
QB04,QB04-6
QB19,QB19-3
QB26,QB26-1
QB19,QB19-4
QB25,QB25-4
QB21,QB21-5
QB20,QB20-6
QB09,QB09-2
QB06,QB06-1
QB16,QB16-6
QB06,QB06-2
QB24,QB24-2
QB13,QB13-6
QB14,QB14-6
QB13,QB13-5
QB18,QB18-2
QB24,QB24-3
QB20,QB20-4
QB01,QB01-4
QB25,QB25-2
QB21,QB21-2
QB06,QB06-6
QB25,QB25-3
QB10,QB10-6
QB17,QB17-4
QB02,QB02-6
QB02,QB02-3
QB12,QB12-5
QS24,QS24-2
QB05,QB05-6
QS25,QS25-5
QB08,QB08-5
QB26,QB26-2
QB15,QB15-6
QB15,QB15-1
QB10,QB10-3
QB09,QB09-1
QB25,QB25-6
QB22,QB22-1
QB10,QB10-5
QB07,QB07-5
QB13,QB13-2
